{"cooktype":["ผัดเขียวหวาน","ผัดต้มยำ","ผัดพริกแกง","ผัดพริกเผา","ผัดพริกหยวก","ผัดคะน้า","ผัดกระเพรา","ผัดขี้เมา","ผัดพริกไทดำ","ผัดกระเทียม","ผัดเผ็ด"," ผัดผงกระหรี่","ผัดพริกสด"," ผัดกระเทียมพริกไทย","ผัดซอส"],"meattype":["$(normal)","$(seafood)"],"menu":["$(cooktype)$(meattype)","$(cooktype)หมูแดดเดียว","ปลาดุกพริกแกงราดข้าว","$(cooktype)$(special)กระเพรากรอบราดข้าว","$(cooktype)$(meattype)","$(cooktype)$(special)ราดข้าว"," ผัดฉ่าปลาดุก"," ผัดฉ่ารวมมิตร"," ผัดฉ่าทะเล","$(cooktype)$(meattype)"," ตับหมู$(cooktype)"," ปลากระพง$(cooktype)"," ปลาช่อน$(cooktype)","$(special)ทอด ราดข้าว"," ข้าวต้มหมู,ไก่ / ทะเล,กระดูกหมู, ปลา, รวมมิตร"," ข้าวผัดปู, ข้าวผัด$(special), "," ข้าวผัดโป๊ะแตก"," ข้าวผัดปลาเค็ม"," ข้าว$(cooktype)$(meattype)"," ข้าวไข่เจียว / ไข่เจียวหมูสับ / $(special),กุ้งสับ"," ข้าวผัด$(special)"," ก๋วยเตี๋ยวต้มยำ $(noodle)"," ก๋วยเตี๋ยวต้มแซ่บ $(noodle)"," สุกี้น้ำ - แห้ง $(noodle)"," ผัดซีอิ๊ว $(meattype)"," ราดหน้า $(meattype)"," มาม่า$(cooktype)$(meattype)"," มาม่าต้มยำ$(meattype)"," มะกะโรนี$(cooktype)$(meattype)"," สปาเก๊ตตี้$(cooktype)$(meattype)"," ผัดผักกระเชต / เนื้อสัตว์"," ผัดผักบุ้ง / เนื้อสัตว์"," ผัดดอกคะน้าหมู,ไก่ / หมูกรอบ"," ผัดเห็ดน้ำมันหอยหมู,ไก่ / หมูกรอบ"," ผัดไทแห้ง"," ผัดไทกุ้งสด"," ผัดเส้นหมี่+ผักกระเชด+ทะเล"," ราดหน้าผักรวม $(meattype)"," ราดหน้าหมี่กรอบ $(meattype)"," กระเพรา$(meattype)สับ","$(cooktype)วุ้นเส้นรวมมิตร"],"noodle":["$(normal)","$(seafood)","กระดูกหมู"],"normal":["หมู","ไก่","รวมมิตร","เนื้อ"],"seafood":["ทะเล","กุ้ง","ปลาหมึก"],"special":["ปลาเค็ม","ไข่เยี่ยวม้า","แหนม","กระดูกหมู","กุนเชียง","หมูยอ","หมูกรอบ","ไส้กรอก","กระเพราหมูยอ"],"special2":["กบ","นก"]}